Kategorie,Wert
ğŸ”¢ Anzahl analysierter Textsegmente,120
ğŸ“ Gesamtanzahl Zeichen (original_text),44575
ğŸ“ Gesamtanzahl WÃ¶rter (original_text),7348
ğŸ§© Gesamtanzahl Referenzen,250
ğŸ§© Gesamtanzahl Referenz-WÃ¶rter,3962
ğŸ“‰ Gesamtanzahl Nicht-Referenz-WÃ¶rter,3386
,
ğŸ“ˆ Durchschnittswerte pro Textsegment,
â¡ï¸ Zeichen,371.46
â¡ï¸ WÃ¶rter,61.23
â¡ï¸ Referenzen,2.08
â¡ï¸ Referenz-WÃ¶rter,33.02
â¡ï¸ Nicht-Referenz-WÃ¶rter,28.22
,
ğŸ“ Min/Max-Werte,
ğŸ“ KÃ¼rzester Text (WÃ¶rter),12
ğŸ“ LÃ¤ngster Text (WÃ¶rter),170
ğŸ”¢ Wenigste Referenzen,1
ğŸ”¢ Meiste Referenzen,7
âœ‚ï¸ Geringste Ref-WÃ¶rter,0
âœ‚ï¸ Meiste Ref-WÃ¶rter,114
,
ğŸ“ Kategorisierung nach TextlÃ¤nge (Wortanzahl),
ğŸ—‚ï¸ Kategorie 0 (WÃ¶rter 0â€“9),0
ğŸ—‚ï¸ Kategorie 1 (WÃ¶rter 10â€“19),2
ğŸ—‚ï¸ Kategorie 2 (WÃ¶rter 20â€“29),10
ğŸ—‚ï¸ Kategorie 3 (WÃ¶rter 30â€“39),18
ğŸ—‚ï¸ Kategorie 4 (WÃ¶rter 40â€“49),14
ğŸ—‚ï¸ Kategorie 5 (WÃ¶rter 50â€“59),20
ğŸ—‚ï¸ Kategorie 6 (WÃ¶rter 60â€“69),17
ğŸ—‚ï¸ Kategorie 7 (WÃ¶rter 70â€“79),14
ğŸ—‚ï¸ Kategorie 8 (WÃ¶rter 80â€“89),10
ğŸ—‚ï¸ Kategorie 9 (WÃ¶rter 90â€“99),1
ğŸ—‚ï¸ Kategorie 10 (WÃ¶rter â‰¥100),14
,
ğŸ“Š Gruppierte Durchschnittswerte,
,
ğŸ“˜ Gruppe 1 â€“ Gesamtsummen,
Anzahl Textsegmente,40
Zeichen gesamt,16720
WÃ¶rter gesamt,2788
Referenzen gesamt,85
Referenz-WÃ¶rter gesamt,1566
Nicht-Referenz-WÃ¶rter,1222
ğŸ“˜ Gruppe 1 â€“ Durchschnittswerte,
Ã˜ Zeichen,418.0
Ã˜ WÃ¶rter,69.7
Ã˜ Referenzen,2.12
Ã˜ Ref-WÃ¶rter,39.15
Ã˜ NonRef-WÃ¶rter,30.55
Ã˜ Ref/Total,56.35%
Ã˜ NonRef/Total,43.65%
ğŸ“˜ Gruppe 1 â€“ Min/Max,
KÃ¼rzester Text (WÃ¶rter),34
LÃ¤ngster Text (WÃ¶rter),170
Min Referenzen,1
Max Referenzen,5
Min Ref-WÃ¶rter,9
Max Ref-WÃ¶rter,75
ğŸ—‚ï¸ Gruppe 1 â€“ Kategorie 0 (WÃ¶rter 0â€“9),0
ğŸ—‚ï¸ Gruppe 1 â€“ Kategorie 1 (WÃ¶rter 10â€“19),0
ğŸ—‚ï¸ Gruppe 1 â€“ Kategorie 2 (WÃ¶rter 20â€“29),0
ğŸ—‚ï¸ Gruppe 1 â€“ Kategorie 3 (WÃ¶rter 30â€“39),5
ğŸ—‚ï¸ Gruppe 1 â€“ Kategorie 4 (WÃ¶rter 40â€“49),3
ğŸ—‚ï¸ Gruppe 1 â€“ Kategorie 5 (WÃ¶rter 50â€“59),5
ğŸ—‚ï¸ Gruppe 1 â€“ Kategorie 6 (WÃ¶rter 60â€“69),10
ğŸ—‚ï¸ Gruppe 1 â€“ Kategorie 7 (WÃ¶rter 70â€“79),6
ğŸ—‚ï¸ Gruppe 1 â€“ Kategorie 8 (WÃ¶rter 80â€“89),5
ğŸ—‚ï¸ Gruppe 1 â€“ Kategorie 9 (WÃ¶rter 90â€“99),1
ğŸ—‚ï¸ Gruppe 1 â€“ Kategorie 10 (WÃ¶rter â‰¥100),5
,
ğŸ“˜ Gruppe 2 â€“ Gesamtsummen,
Anzahl Textsegmente,40
Zeichen gesamt,15090
WÃ¶rter gesamt,2609
Referenzen gesamt,125
Referenz-WÃ¶rter gesamt,2396
Nicht-Referenz-WÃ¶rter,213
ğŸ“˜ Gruppe 2 â€“ Durchschnittswerte,
Ã˜ Zeichen,377.25
Ã˜ WÃ¶rter,65.22
Ã˜ Referenzen,3.12
Ã˜ Ref-WÃ¶rter,59.9
Ã˜ NonRef-WÃ¶rter,5.32
Ã˜ Ref/Total,93.50%
Ã˜ NonRef/Total,6.50%
ğŸ“˜ Gruppe 2 â€“ Min/Max,
KÃ¼rzester Text (WÃ¶rter),21
LÃ¤ngster Text (WÃ¶rter),126
Min Referenzen,1
Max Referenzen,7
Min Ref-WÃ¶rter,16
Max Ref-WÃ¶rter,114
ğŸ—‚ï¸ Gruppe 2 â€“ Kategorie 0 (WÃ¶rter 0â€“9),0
ğŸ—‚ï¸ Gruppe 2 â€“ Kategorie 1 (WÃ¶rter 10â€“19),0
ğŸ—‚ï¸ Gruppe 2 â€“ Kategorie 2 (WÃ¶rter 20â€“29),4
ğŸ—‚ï¸ Gruppe 2 â€“ Kategorie 3 (WÃ¶rter 30â€“39),5
ğŸ—‚ï¸ Gruppe 2 â€“ Kategorie 4 (WÃ¶rter 40â€“49),3
ğŸ—‚ï¸ Gruppe 2 â€“ Kategorie 5 (WÃ¶rter 50â€“59),8
ğŸ—‚ï¸ Gruppe 2 â€“ Kategorie 6 (WÃ¶rter 60â€“69),4
ğŸ—‚ï¸ Gruppe 2 â€“ Kategorie 7 (WÃ¶rter 70â€“79),6
ğŸ—‚ï¸ Gruppe 2 â€“ Kategorie 8 (WÃ¶rter 80â€“89),3
ğŸ—‚ï¸ Gruppe 2 â€“ Kategorie 9 (WÃ¶rter 90â€“99),0
ğŸ—‚ï¸ Gruppe 2 â€“ Kategorie 10 (WÃ¶rter â‰¥100),7
,
ğŸ“˜ Gruppe 3 â€“ Gesamtsummen,
Anzahl Textsegmente,40
Zeichen gesamt,12765
WÃ¶rter gesamt,1951
Referenzen gesamt,40
Referenz-WÃ¶rter gesamt,0
Nicht-Referenz-WÃ¶rter,1951
ğŸ“˜ Gruppe 3 â€“ Durchschnittswerte,
Ã˜ Zeichen,319.12
Ã˜ WÃ¶rter,48.78
Ã˜ Referenzen,1.0
Ã˜ Ref-WÃ¶rter,0.0
Ã˜ NonRef-WÃ¶rter,48.78
Ã˜ Ref/Total,0.00%
Ã˜ NonRef/Total,100.00%
ğŸ“˜ Gruppe 3 â€“ Min/Max,
KÃ¼rzester Text (WÃ¶rter),12
LÃ¤ngster Text (WÃ¶rter),120
Min Referenzen,1
Max Referenzen,1
Min Ref-WÃ¶rter,0
Max Ref-WÃ¶rter,0
ğŸ—‚ï¸ Gruppe 3 â€“ Kategorie 0 (WÃ¶rter 0â€“9),0
ğŸ—‚ï¸ Gruppe 3 â€“ Kategorie 1 (WÃ¶rter 10â€“19),2
ğŸ—‚ï¸ Gruppe 3 â€“ Kategorie 2 (WÃ¶rter 20â€“29),6
ğŸ—‚ï¸ Gruppe 3 â€“ Kategorie 3 (WÃ¶rter 30â€“39),8
ğŸ—‚ï¸ Gruppe 3 â€“ Kategorie 4 (WÃ¶rter 40â€“49),8
ğŸ—‚ï¸ Gruppe 3 â€“ Kategorie 5 (WÃ¶rter 50â€“59),7
ğŸ—‚ï¸ Gruppe 3 â€“ Kategorie 6 (WÃ¶rter 60â€“69),3
ğŸ—‚ï¸ Gruppe 3 â€“ Kategorie 7 (WÃ¶rter 70â€“79),2
ğŸ—‚ï¸ Gruppe 3 â€“ Kategorie 8 (WÃ¶rter 80â€“89),2
ğŸ—‚ï¸ Gruppe 3 â€“ Kategorie 9 (WÃ¶rter 90â€“99),0
ğŸ—‚ï¸ Gruppe 3 â€“ Kategorie 10 (WÃ¶rter â‰¥100),2
